marker,in
Сладкая парочка встретилась,00:00
Мы вернулись!,00:42
Переезд с нюансом,02:06
Обсуждаем комменты,03:23
Божественная интеграция,08:26
Факты без контекста,09:55
Японские спорткары покидают Европу,12:03
"Mercedes откажется от ""обмылков"" ",16:35
Нерожденный преемник BMW i8,23:35
Водителям автобусов платят по 500 к,26:57
JLR сократит выпуск электромобилей,31:14
Внутренние новости,32:56
Lada показала Niva Sport,33:15
Ржавеющая нержавейка от Tesla,38:07
В РФ перестали ввозить Zeekr,46:11
Самая точная авария,50:04
Послевкусие,53:13
